=== PAGE 1 TABLE 1 ===,,,,,,,,,,,,
,,교양,,,,전공,,,,,,
학과,구분,기초,균형,교양,,전공,전공,전공,,졸업 잔여,졸업,최소전공 인정학점
,,교양,교양,잔여 학점,소계,기초,필수,선택,소계,학점,학점,시행여부
,전공심화,8,19,3,30,,21,57,78,22,130,
컴퓨터공학과,,,,,,,,,,,,○
,복수전공,8,19,3,30,,21,35,56,44,130,
,,,,,,,,,,,,
=== PAGE 1 TABLE 2 ===,,,,,,,,,,,,
5대 전공능력기반,①,②,③,④,⑤,합계,,,,,,
전공과목(학점),26((78),21(78),22(60),38(132),18(72),125(420),,,,,,
,,,,,,,,,,,,
=== PAGE 2 TABLE 1 ===,,,,,,,,,,,,
,,1학년,,2학년,,3학년,,4학년,,,,
구 분,,,,,,,,,,총계,비고,
,,1학기,2학기,1학기,2학기,1학기,2학기,1학기,2학기,,,
,기초교양,3,3,2,,,,,,8,,
,균형교양,9,7,3,3,,,,,22,,
교양,확대교양,,,,3,,,,,3,,
,잔여학점,,,,,,,,,,,
,소 계,12,10,5,6,,,,,33,,
,전공필수,,,,3,12,9,,,24,,
전공,전공선택,,3,9,9,3,9,12,9,78,,
,소 계,,3,9,12,15,18,12,9,78,,
(교양)+(전공)=계,,12,13,14,18,15,18,12,9,111,,
졸업잔여학점,,5,4,3,,2,,3,2,19,,
졸업학점,,17,17,17,18,17,18,15,11,130,,
,,,,,,,,,,,,
=== PAGE 2 TABLE 2 ===,,,,,,,,,,,,
구분(영역),학수번호,과목명,학점,시수,개설학기,,,,,,,
균형교양,,,,,,,,,,,,
,GEA7261,컴퓨팅프로그래밍,3,4,"1-1,2",,,,,,,
(1.디지털커뮤니케이션),,,,,,,,,,,,
,GEA7260,컴퓨터개론,3,3,"1-1,2",,,,,,,
균형교양,,,,,,,,,,,,
,GEA8515,컴퓨팅사고력,2,2,1-2,,,,,,,
(4.자연·과학·기술의 이해),,,,,,,,,,,,
,GEA8538,인공지능의시대,2,2,1-2,,,,,,,
확대교양(2.소양교육),GEA7301,공업수학,3,3,"2-1,2",,,,,,,
,,,,,,,,,,,,
=== PAGE 2 TABLE 3 ===,,,,,,,,,,,,
이수,학수번호,과 목 명,학점,시간수,,개설 학년,전공능력 기반,,,,,
구분,,,,강의,실습 실기,학기,연관성,,,,,
,CDA0143,고급자료구조(Advanced Data Structure),3,3,,2-2,①③④,,,,,
,CDA0065,데이터베이스개론(Database Theory),3,3,,3-1,②④⑤,,,,,
,CDA0027,알고리즘(Algorithms),3,3,,3-1,①④,,,,,
,CDA0017,※운영체제(Operating System),3,3,,3-2,①④,,,,,
전공,CDA0016,※컴퓨터구조(Computer Architechture),3,3,,3-1,①③④,,,,,
필수,,,,,,,,,,,,
,CDA0023,데이터통신(Data Communication),3,3,,3-2,①③④,,,,,
,CDA0028,소프트웨어공학(Software Engineering),3,3,,3-2,①③④,,,,,
,,,,,,전학년-,,,,,,
,CDA0088,심층상담(Consultation),0,,,,②,,,,,
,,,,,,"1,2",,,,,,
,CDA0034,졸업논문(Graduation Thesis),0,,,"4-1,2",②③④⑤,,,,,
,CDA0155,객체지향프로그래밍(Object-oriented Programming),3,2,2,2-1,①②④,,,,,
,CDA0156,오픈소스소프트웨어(Open Source Software),3,2,2,2-1,①②③,,,,,
,CDA0157,이산수학(Discrete mathematics),3,3,,2-1,①④,,,,,
,,,,,,,,,,,,
=== PAGE 3 TABLE 1 ===,,,,,,,,,,,,
,,,,시간수,,개설,전공능력,,,,,
이수,학수번호,과 목 명,학점,,실습,학년,기반,,,,,
구분,,,,강의,실기,학기,연관성,,,,,
,CDA0008,※자료구조(Data Structure),3,3,,2-1,①③④,,,,,
,CDA0010,논리설계(Digital Design),3,3,,2-2,①③④,,,,,
,CDA0136,데이터베이스언어실습(Database Language Practice),3,2,2,2-2,①②④,,,,,
,CDA0125,모바일프로그래밍(Mobile Programming),3,3,,2-2,①③④,,,,,
,CDA0006,시스템프로그래밍(System Programming),3,3,,2-2,①④⑤,,,,,
,CDA0014,컴퓨터그래픽스(Computer Graphics),3,3,,2-2,①③④,,,,,
,CDA0130,멀티미디어공학(Multimedia and Project),3,3,,3-1,①③④,,,,,
,CDA0154,소프트웨어설계(Software Design),3,3,,3-1,①③④,,,,,
,CDA0152,데이터베이스설계(Database Design),3,3,,3-2,③④⑤,,,,,
,CDA0139,영상처리(Image Processing),3,3,,3-2,①②④,,,,,
,CDA0019,컴퓨터구조응용(Computer architecture application),3,3,,3-2,①④⑤,,,,,
,CDA0141,캡스톤디자인1(Capstone Design 1),0,,,3-2,②③④⑤,,,,,
,CDA0013,프로그래밍언어론(Programming Languages),3,3,,2-2,①④,,,,,
전공,CDA0151,네트워크프로그램(Network Program),3,3,,4-1,②④⑤,,,,,
선택,CDA0025,마이크로프로세서(Microprocessor),3,3,,4-1,①③④,,,,,
,CDA0030,인공지능(Artificial Intelligence),3,3,,4-1,①③④,,,,,
,CDA0142,캡스톤디자인2(Capstone Design 2),3,3,,4-1,②③④⑤,,,,,
,CDA0119,컴파일러(Compiler),3,3,,4-1,①③④,,,,,
,CDA0031,컴퓨터네트워크(Computer Networks),3,3,,4-1,②③⑤,,,,,
,CDA0149,딥러닝(Deep Learning),3,3,,4-2,①②④,,,,,
,,분산컴퓨팅시스템,,,,,,,,,,
,CDA0148,,3,3,,4-1,①③④,,,,,
,,(Fundamentals of Distributed Computing Systems),,,,,,,,,,
,CDA0150,"사물인터넷(Internet of Things, IoT)",3,3,,4-2,②③⑤,,,,,
,CDA0153,정보보안(Information Security),3,3,,4-2,①②③,,,,,
,CDA0074,생명정보학개론(Bio-informatics Theory),3,3,,4-2,④⑤,,,,,
,CDA0159,데이터과학세미나(Data Science Seminar),3,3,,4-2,②④⑤,,,,,
,,,,,,"3,4-계",,,,,,
,CDA0144,현장실습1(Working Practices1),3,,4주,절,②④⑤,,,,,
,CDA0145,현장실습3(Working Practices3),6,,8주,"3,4-계절",②④⑤,,,,,
,CDA0147,현장실습4(Working Practices4),12,,12주,"4-1,2",②④⑤,,,,,
,CDA0160,표준형현장실습(Co-op)1,3,,4주,"3,4-계절",②④⑤,,,,,
,CDA0161,표준형현장실습(Co-op)3,6,,8주,"3,4-계절",②④⑤,,,,,
,CDA0162,표준형현장실습(Co-op)4,12,,12주,"3,4-1,2",②④⑤,,,,,
계,,43과목,144,,,,,,,,,
,,,,,,,,,,,,
